Stat	Mean	SD
FA	0.41912892461095885	0.039365483440029936
MD	0.0008466369049849315	2.3144046074621315e-05
RD	0.0006419091042054794	3.4698115378414294e-05
